CustomerID,Max of Transaction_Date,Recency,Frequency,Monetary,R Score,F Score,M Score
12346,9/15/2019,107,2,21.693,5,0,0
12347,11/2/2019,59,60,13053.352,7,8,9
12348,10/19/2019,73,23,1311.415,6,5,4
12350,12/14/2019,17,17,1207.853,9,4,4
12356,9/15/2019,107,36,1235.722,5,6,4
12359,8/23/2019,130,16,594.352,5,3,2
12370,6/25/2019,189,91,6656.081,3,9,8
12373,12/7/2019,24,14,440.821,8,3,1
12377,11/21/2019,40,77,9612.159,7,8,9
12383,9/23/2019,99,69,4741.927,6,8,8
12386,7/28/2019,156,10,517.965,4,2,2
12388,9/8/2019,114,19,700.51,5,4,2
12393,8/31/2019,122,22,2021.51,5,5,5
12395,7/20/2019,164,32,1303.158,3,6,4
12402,9/28/2019,94,11,540.315,6,2,2
12410,12/21/2019,10,26,2230.661,9,5,5
12413,8/22/2019,131,26,2821.237,5,5,6
12414,12/14/2019,17,7,594.025,9,1,2
12415,8/13/2019,140,47,2641.772,4,7,6
12417,10/18/2019,74,30,1553.578,6,6,4
12421,10/16/2019,76,11,1841.691,6,2,5
12422,9/20/2019,102,13,830.092,5,3,3
12423,7/12/2019,172,16,663.052,3,3,2
12427,7/14/2019,170,13,1263.456,3,3,4
12429,4/13/2019,262,20,2179.071,1,4,5
12431,11/21/2019,40,44,5320.812,7,7,8
12433,4/10/2019,265,147,13469.611,1,9,9
12434,5/23/2019,222,3,28.576,2,0,0
12437,12/14/2019,17,18,2432.926,9,4,6
12441,3/29/2019,277,11,1423.026,1,2,4
12451,9/19/2019,103,101,8749.657,5,9,9
12464,12/18/2019,13,6,962.218,9,1,3
12468,11/10/2019,51,12,1344.578,7,2,4
12471,12/16/2019,15,128,13127.78,9,9,9
12472,10/30/2019,62,126,10570.826,7,9,9
12474,11/1/2019,60,36,6342.563,7,6,8
12476,11/28/2019,33,27,2856.25,8,5,6
12477,12/5/2019,26,2,222.517,8,0,1
12480,8/6/2019,147,42,1264.256,4,7,4
12481,8/2/2019,151,46,8643.761,4,7,9
12483,7/18/2019,166,14,979.781,3,3,3
12484,8/4/2019,149,98,4938.908,4,9,8
12489,8/3/2019,150,15,776.234,4,3,2
12490,8/30/2019,123,43,2523.188,5,7,6
12494,7/20/2019,164,7,402.46,3,1,1
12500,8/13/2019,140,5,61.43,4,1,0
12501,11/20/2019,41,160,9356.994,7,9,9
12502,12/16/2019,15,31,4491.837,9,6,8
12503,7/27/2019,157,1,10.63,4,0,0
12510,9/18/2019,104,29,1169.951,5,5,4
12515,7/13/2019,171,16,1261.429,3,3,4
12523,8/22/2019,131,7,400.214,5,1,1
12524,8/14/2019,139,16,476.972,4,3,2
12527,9/15/2019,107,10,1531.97,5,2,4
12528,11/27/2019,34,31,4068.46,8,6,7
12530,8/2/2019,151,13,1225.04,4,3,4
12539,11/8/2019,53,187,17828.848,7,9,9
12540,12/10/2019,21,64,3887.902,8,8,7
12551,6/26/2019,188,10,1448.06,3,2,4
12553,10/23/2019,69,39,1439.696,7,6,4
12557,8/17/2019,136,9,242.588,4,2,1
12559,12/11/2019,20,22,2663.846,8,5,6
12567,12/21/2019,10,146,11347.089,9,9,9
12574,11/16/2019,45,11,1348.58,7,2,4
12577,6/12/2019,202,67,5522.247,2,8,8
12578,11/5/2019,56,76,5134.77,7,8,8
12583,8/2/2019,151,42,2267.616,4,7,6
12585,7/24/2019,160,74,3692.54,4,8,7
12586,3/4/2019,302,1,18.99,0,0,0
12591,11/2/2019,59,26,4290.46,7,5,7
12594,9/30/2019,92,12,671.09,6,2,2
12600,12/16/2019,15,15,704.901,9,3,2
12601,8/17/2019,136,9,504.218,4,2,2
12605,4/19/2019,256,3,283.19,1,0,1
12609,10/27/2019,65,16,317.9,7,3,1
12621,6/27/2019,187,33,2248.936,3,6,6
12625,12/16/2019,15,58,5668.586,9,8,8
12626,12/4/2019,27,67,4679.137,8,8,8
12637,11/5/2019,56,75,4074.178,7,8,7
12643,8/18/2019,135,2,51.99,4,0,0
12645,11/10/2019,51,16,2273.314,7,3,6
12647,6/26/2019,188,53,3685.777,3,7,7
12649,4/18/2019,257,2,13.101,1,0,0
12651,8/9/2019,144,9,2213.104,4,2,5
12652,10/5/2019,87,51,2523.974,6,7,6
12662,12/19/2019,12,34,2799.281,9,6,6
12664,10/2/2019,90,5,716.19,6,1,2
12665,9/19/2019,103,4,74.16,5,1,0
12666,6/9/2019,205,2,32.283,2,0,0
12668,11/30/2019,31,74,6342.629,8,8,8
12672,8/30/2019,123,10,242.816,5,2,1
12673,9/9/2019,113,23,1545.277,5,5,4
12676,12/10/2019,21,12,1260.203,8,2,4
12678,7/12/2019,172,5,202.98,3,1,1
12681,12/3/2019,28,223,14499.063,8,9,9
12682,12/11/2019,20,127,11262.569,8,9,9
12683,9/30/2019,92,77,9365.674,6,8,9
12686,1/31/2019,334,7,934.026,0,1,3
12691,10/27/2019,65,15,1295.874,7,3,4
12693,10/14/2019,78,9,1634.55,6,2,5
12705,6/28/2019,186,30,1544.597,3,6,4
12708,8/30/2019,123,33,2692.363,5,6,6
12709,11/8/2019,53,33,2752.792,7,6,6
12712,12/21/2019,10,47,3555.323,9,7,7
12720,11/27/2019,34,65,6178.718,8,8,8
12721,7/6/2019,178,18,1844.714,3,4,5
12724,8/21/2019,132,11,452.328,4,2,1
12725,2/9/2019,325,24,4150.762,0,5,7
12726,11/17/2019,44,25,1650.67,7,5,5
12727,10/11/2019,81,12,870.025,6,2,3
12728,8/19/2019,134,13,488.002,4,3,2
12731,11/27/2019,34,62,11545.644,8,8,9
12734,7/13/2019,171,4,77.752,3,1,0
12735,11/20/2019,41,43,2671.584,7,7,6
12736,8/16/2019,137,4,125.16,4,1,0
12738,1/30/2019,335,11,1677.468,0,2,5
12744,10/24/2019,68,56,9088.034,7,8,9
12747,9/28/2019,94,20,1602.658,6,4,4
12748,9/15/2019,107,695,70144.591,5,9,9
12753,8/1/2019,152,52,1817.258,4,7,5
12754,12/21/2019,10,37,3370.579,9,6,7
12755,4/12/2019,263,1,44.982,1,0,0
12763,3/2/2019,304,16,893.166,0,3,3
12764,11/6/2019,55,45,4994.886,7,7,8
12766,8/11/2019,142,88,3964.178,4,9,7
12775,12/18/2019,13,13,1242.823,9,3,4
12778,12/1/2019,30,9,517.863,8,2,2
12779,12/24/2019,7,42,2053.264,9,7,5
12782,10/28/2019,64,56,3871.033,7,8,7
12785,4/30/2019,245,14,673.312,2,3,2
12791,1/3/2019,362,2,128.023,0,0,0
12793,8/9/2019,144,24,2064.484,4,5,5
12797,6/2/2019,212,17,325.561,2,4,1
12808,3/4/2019,302,7,488.135,0,1,2
12820,9/11/2019,111,11,544.286,5,2,2
12826,11/8/2019,53,49,7326.174,7,7,9
12829,10/3/2019,89,12,973.386,6,2,3
12836,12/6/2019,25,39,2603.921,8,6,6
12838,1/5/2019,360,59,4208.145,0,8,7
12839,6/29/2019,185,37,3346.498,3,6,7
12841,11/27/2019,34,110,10847.835,8,9,9
12842,12/23/2019,8,14,2235.362,9,3,5
12853,12/3/2019,28,23,1796.325,8,5,5
12854,10/24/2019,68,36,4483.556,7,6,8
12855,1/17/2019,348,3,850.405,0,0,3
12865,6/5/2019,209,1,238,2,0,1
12867,6/2/2019,212,58,3109.672,2,8,7
12868,11/12/2019,49,46,5141.295,7,7,8
12870,4/6/2019,269,2,31.686,1,0,0
12872,9/7/2019,115,66,3496.408,5,8,7
12875,5/6/2019,239,1,1.2,2,0,0
12877,8/31/2019,122,17,1135.168,5,4,4
12908,11/29/2019,32,2,228,8,0,1
12913,3/18/2019,288,4,62.763,1,1,0
12915,1/22/2019,343,13,1090.622,0,3,3
12916,10/6/2019,86,40,3764.842,6,7,7
12921,7/20/2019,164,59,5655.232,3,8,8
12924,9/5/2019,117,2,15.35,5,0,0
12928,6/11/2019,203,17,255.921,2,4,1
12929,12/6/2019,25,8,847.634,8,1,3
12931,6/29/2019,185,2,18.663,3,0,0
12935,10/16/2019,76,27,811.97,6,5,3
12939,8/8/2019,145,6,174.21,4,1,1
12942,4/11/2019,264,16,683.555,1,3,2
12944,7/6/2019,178,14,1012.02,3,3,3
12947,10/27/2019,65,36,4750.719,7,6,8
12951,10/12/2019,80,20,843.085,6,4,3
12956,12/31/2019,0,19,2890.086,9,4,6
12957,8/1/2019,152,31,866.348,4,6,3
12963,4/11/2019,264,16,590.26,1,3,2
12967,6/23/2019,191,19,1439.053,3,4,4
12970,10/4/2019,88,8,483.8,6,1,2
12971,12/19/2019,12,47,3775.587,9,7,7
12980,8/23/2019,130,6,1125.57,5,1,3
12989,9/5/2019,117,2,156.6,5,0,1
12990,12/14/2019,17,3,449.828,9,0,1
12997,11/21/2019,40,18,730.514,7,4,2
13000,4/24/2019,251,11,822.141,1,2,3
13001,10/27/2019,65,36,2214.372,7,6,5
13002,10/27/2019,65,7,842.55,7,1,3
13004,11/10/2019,51,72,5151.543,7,8,8
13008,9/28/2019,94,15,2061.253,6,3,5
13011,1/30/2019,335,3,192.229,0,0,1
13013,2/3/2019,331,67,4264.118,0,8,7
13021,6/13/2019,201,8,1593.248,3,1,4
13027,7/7/2019,177,6,165.192,3,1,1
13029,7/12/2019,172,1,9.99,3,0,0
13030,3/15/2019,291,60,1797.681,1,8,5
13033,6/27/2019,187,11,487.006,3,2,2
13034,2/28/2019,306,11,152.842,0,2,0
13047,12/18/2019,13,44,2753.551,9,7,6
13048,9/6/2019,116,40,2551.925,5,7,6
13049,10/27/2019,65,7,214.192,7,1,1
13050,12/27/2019,4,103,9560.54,9,9,9
13064,9/6/2019,116,9,156.856,5,2,1
13065,1/16/2019,349,14,1391.906,0,3,4
13068,10/11/2019,81,1,0.9,6,0,0
13069,12/28/2019,3,138,8034.917,9,9,9
13077,4/7/2019,268,14,1456.583,1,3,4
13078,11/10/2019,51,54,3605.774,7,8,7
13081,8/31/2019,122,261,18737.912,5,9,9
13082,7/24/2019,160,7,977.39,4,1,3
13089,12/11/2019,20,366,24940.624,8,9,9
13090,9/30/2019,92,13,1225.14,6,3,4
13092,6/7/2019,207,7,254.299,2,1,1
13093,12/12/2019,19,143,10836.985,9,9,9
13094,7/31/2019,153,5,341.556,4,1,1
13097,7/26/2019,158,52,2684.552,4,7,6
13098,11/3/2019,58,21,2118.79,7,4,5
13102,12/24/2019,7,93,7920.753,9,9,9
13104,7/6/2019,178,1,107.1,3,0,0
13107,9/4/2019,118,23,2487.478,5,5,6
13108,1/18/2019,347,10,460.98,0,2,1
13110,12/10/2019,21,20,857.653,8,4,3
13113,12/24/2019,7,62,19688.164,9,8,9
13115,8/1/2019,152,2,242.12,4,0,1
13117,10/17/2019,75,34,1951.675,6,6,5
13124,6/10/2019,204,61,4037.749,2,8,7
13126,8/17/2019,136,32,2057.623,4,6,5
13136,4/19/2019,256,3,207.08,1,0,1
13137,12/22/2019,9,48,6649.914,9,7,8
13138,1/26/2019,339,14,1455.643,0,3,4
13140,4/7/2019,268,16,396.098,1,3,1
13141,12/10/2019,21,32,3028.892,8,6,6
13144,8/17/2019,136,3,30.59,4,0,0
13145,1/30/2019,335,1,14.85,0,0,0
13148,11/25/2019,36,130,16591.796,8,9,9
13155,9/8/2019,114,63,4938.844,5,8,8
13158,10/18/2019,74,19,3075.61,6,4,7
13161,11/24/2019,37,8,455.974,8,1,1
13162,8/22/2019,131,40,3245.036,5,7,7
13165,7/14/2019,170,13,763.365,3,3,2
13168,10/26/2019,66,76,4767.15,7,8,8
13173,3/23/2019,283,23,3341.22,1,5,7
13174,11/13/2019,48,242,19561.308,7,9,9
13178,5/25/2019,220,32,1670.778,2,6,5
13183,8/7/2019,146,20,1735.574,4,4,5
13187,8/1/2019,152,37,1031.432,4,6,3
13198,10/24/2019,68,77,5101.784,7,8,8
13199,12/13/2019,18,16,1808.262,9,3,5
13208,12/20/2019,11,26,1932.136,9,5,5
13209,9/12/2019,110,21,326.515,5,4,1
13211,5/21/2019,224,2,37.342,2,0,0
13221,6/7/2019,207,35,2110.832,2,6,5
13225,7/26/2019,158,12,445.22,4,2,1
13230,12/20/2019,11,85,9220.465,9,9,9
13233,8/6/2019,147,17,1206.938,4,4,4
13238,5/31/2019,214,5,461.49,2,1,1
13240,4/14/2019,261,21,1396.681,1,4,4
13246,9/13/2019,109,40,1886.756,5,7,5
13253,7/19/2019,165,16,424.161,3,3,1
13255,1/5/2019,360,6,1257.346,0,1,4
13263,9/18/2019,104,39,2434.464,5,6,6
13266,6/12/2019,202,1,46.17,2,0,0
13267,8/23/2019,130,46,16173.976,5,7,9
13269,5/18/2019,227,28,2780.278,2,5,6
13270,4/7/2019,268,1,71.1,1,0,0
13280,11/15/2019,46,78,7686.42,7,8,9
13284,9/30/2019,92,14,730.662,6,3,2
13295,6/5/2019,209,11,742.146,2,2,2
13304,7/15/2019,169,21,609.251,3,4,2
13305,1/20/2019,345,5,455.547,0,1,1
13309,12/23/2019,8,34,4011.026,9,6,7
13310,10/23/2019,69,29,2028.285,7,5,5
13313,7/16/2019,168,17,401.787,3,4,1
13317,6/13/2019,201,14,1132.687,3,3,4
13319,7/17/2019,167,98,6052.261,3,9,8
13324,11/27/2019,34,10,1847.38,8,2,5
13327,4/19/2019,256,21,677.037,1,4,2
13328,11/13/2019,48,17,2238.71,7,4,5
13329,7/8/2019,176,9,570.803,3,2,2
13330,11/17/2019,44,13,1240.472,7,3,4
13368,7/28/2019,156,1,139.65,4,0,0
13369,7/8/2019,176,19,1570.026,3,4,4
13370,4/8/2019,267,44,2751.817,1,7,6
13385,8/30/2019,123,35,2978.156,5,6,6
13394,12/16/2019,15,16,1006.964,9,3,3
13396,11/27/2019,34,16,2301.08,8,3,6
13397,7/18/2019,166,8,519.722,3,1,2
13402,1/30/2019,335,17,1305.041,0,4,4
13405,10/27/2019,65,6,270.112,7,1,1
13408,11/29/2019,32,78,7109.854,8,8,9
13418,6/8/2019,206,49,3588.054,2,7,7
13426,8/2/2019,151,32,733.297,4,6,2
13448,5/21/2019,224,36,2242.583,2,6,6
13451,8/11/2019,142,48,1430.768,4,7,4
13455,9/4/2019,118,36,2941.72,5,6,6
13458,9/18/2019,104,87,3171.581,5,9,7
13468,12/12/2019,19,79,7618.203,9,8,9
13473,8/28/2019,125,13,521.72,5,3,2
13481,3/16/2019,290,1,2.8,1,0,0
13487,7/12/2019,172,11,239.339,3,2,1
13488,12/20/2019,11,149,10159.932,9,9,9
13491,12/12/2019,19,42,3718.93,9,7,7
13494,12/6/2019,25,18,973.915,8,4,3
13495,6/5/2019,209,26,1600.841,2,5,4
13496,6/21/2019,193,27,1259.73,3,5,4
13497,3/6/2019,300,10,865.529,0,2,3
13502,9/26/2019,96,4,88.889,6,1,0
13506,12/2/2019,29,29,3229.169,8,5,7
13520,9/22/2019,100,31,3352.204,5,6,7
13523,4/6/2019,269,30,1513.634,1,6,4
13527,9/8/2019,114,5,29.842,5,1,0
13531,4/7/2019,268,15,6290.007,1,3,8
13534,11/14/2019,47,52,3370.317,7,7,7
13538,11/17/2019,44,3,17.57,7,0,0
13539,12/19/2019,12,11,999.523,9,2,3
13551,10/16/2019,76,4,1006.29,6,1,3
13552,11/17/2019,44,8,283.314,7,1,1
13564,7/11/2019,173,82,6481.189,3,9,8
13565,8/11/2019,142,13,890.822,4,3,3
13569,3/21/2019,285,24,1351.666,1,5,4
13576,12/14/2019,17,34,1916.188,9,6,5
13579,3/2/2019,304,9,461.746,0,2,2
13581,12/19/2019,12,10,885.873,9,2,3
13584,12/29/2019,2,24,2480.315,9,5,6
13593,8/7/2019,146,39,1705.004,4,6,5
13599,9/4/2019,118,30,1391.585,5,6,4
13600,12/2/2019,29,19,2747.33,8,4,6
13606,12/6/2019,25,3,362.87,8,0,1
13611,6/3/2019,211,15,1030.959,2,3,3
13614,8/28/2019,125,9,510.91,5,2,2
13615,11/27/2019,34,24,1815.898,8,5,5
13627,6/25/2019,189,20,1803.328,3,4,5
13629,12/10/2019,21,8,976.788,8,1,3
13634,9/6/2019,116,38,907.027,5,6,3
13649,4/7/2019,268,15,484.48,1,3,2
13652,3/4/2019,302,18,360.421,0,4,1
13656,7/31/2019,153,31,1333.928,4,6,4
13659,10/7/2019,85,62,4097.541,6,8,7
13668,12/19/2019,12,61,4087.087,9,8,7
13672,8/19/2019,134,6,212.782,4,1,1
13680,8/2/2019,151,91,5659.828,4,9,8
13693,9/18/2019,104,4,29.036,5,1,0
13694,12/20/2019,11,104,5246.657,9,9,8
13700,9/6/2019,116,26,1119.399,5,5,3
13703,10/23/2019,69,1,238,7,0,1
13705,1/3/2019,362,10,1233.229,0,2,4
13707,11/20/2019,41,32,3821.55,7,6,7
13709,11/21/2019,40,31,2421.45,7,6,6
13715,8/1/2019,152,100,6520.226,4,9,8
13725,12/23/2019,8,41,4272.087,9,7,7
13728,12/12/2019,19,9,962.359,9,2,3
13742,10/11/2019,81,96,7991.919,6,9,9
13747,1/3/2019,362,1,153.71,0,0,1
13748,1/1/2019,364,1,1.24,0,0,0
13750,8/2/2019,151,1,2.79,4,0,0
13754,11/3/2019,58,8,867.92,7,1,3
13756,6/13/2019,201,16,1534.633,3,3,4
13758,8/8/2019,145,33,1961.657,4,6,5
13764,7/30/2019,154,69,3919.5,4,8,7
13767,8/16/2019,137,73,4597.834,4,8,8
13769,10/5/2019,87,32,3035.089,6,6,6
13777,12/13/2019,18,67,6391.275,9,8,8
13782,9/5/2019,117,36,2870.154,5,6,6
13784,12/8/2019,23,6,212.394,8,1,1
13786,3/23/2019,283,7,302.728,1,1,1
13787,5/1/2019,244,7,351.414,2,1,1
13798,10/11/2019,81,123,9324.317,6,9,9
13800,12/18/2019,13,33,2898.132,9,6,6
13802,12/6/2019,25,22,1056.15,8,5,3
13807,3/26/2019,280,7,1056.786,1,1,3
13815,10/22/2019,70,53,7974.444,6,7,9
13817,7/14/2019,170,9,119.103,3,2,0
13819,12/19/2019,12,24,2892.109,9,5,6
13824,12/13/2019,18,11,711.757,9,2,2
13829,6/12/2019,202,1,11.893,2,0,0
13831,2/16/2019,318,2,313.99,0,0,1
13837,10/30/2019,62,9,1066.68,7,2,3
13838,2/11/2019,323,52,6035.832,0,7,8
13842,12/19/2019,12,55,6581.922,9,8,8
13846,6/2/2019,212,28,1121.101,2,5,3
13848,4/7/2019,268,1,43.065,1,0,0
13854,12/10/2019,21,33,2671.556,8,6,6
13859,9/14/2019,108,28,2243.234,5,5,6
13862,9/4/2019,118,29,3170.94,5,5,7
13869,11/27/2019,34,71,11403.185,8,8,9
13871,12/20/2019,11,23,2985.479,9,5,6
13873,12/15/2019,16,7,302.917,9,1,1
13874,6/22/2019,192,18,902.061,3,4,3
13880,3/23/2019,283,6,1011,1,1,3
13881,12/4/2019,27,13,1962.762,8,3,5
13883,9/14/2019,108,1,24.5,5,0,0
13890,11/3/2019,58,12,1310.699,7,2,4
13894,12/13/2019,18,10,699.489,9,2,2
13898,9/15/2019,107,12,288.685,5,2,1
13901,10/18/2019,74,11,619.382,6,2,2
13911,12/27/2019,4,25,2787.149,9,5,6
13922,7/14/2019,170,7,320.575,3,1,1
13929,10/5/2019,87,3,2656.43,6,0,6
13939,12/12/2019,19,13,1156.373,9,3,4
13941,2/9/2019,325,12,869.867,0,2,3
13948,5/22/2019,223,3,127.02,2,0,0
13953,7/13/2019,171,1,7.2,3,0,0
13958,1/29/2019,336,5,448.97,0,1,1
13959,5/10/2019,235,16,948.108,2,3,3
13963,12/26/2019,5,35,3595.711,9,6,7
13969,10/4/2019,88,44,2552.092,6,7,6
13982,9/11/2019,111,52,3912.252,5,7,7
13983,9/13/2019,109,50,8911.343,5,7,9
13984,9/18/2019,104,9,102.166,5,2,0
13993,8/27/2019,126,18,342.332,5,4,1
13999,10/3/2019,89,32,2894.688,6,6,6
14001,1/9/2019,356,9,938.213,0,2,3
14006,12/2/2019,29,7,503.469,8,1,2
14016,6/27/2019,187,39,1352.853,3,6,4
14030,4/10/2019,265,27,4122.771,1,5,7
14031,9/25/2019,97,51,2794.652,6,7,6
14032,7/14/2019,170,32,3922.47,3,6,7
14037,4/27/2019,248,26,1234.526,2,5,4
14040,11/22/2019,39,67,7086.414,8,8,9
14044,12/17/2019,14,55,6975.185,9,8,8
14045,7/26/2019,158,5,107.211,4,1,0
14047,8/1/2019,152,15,242.585,4,3,1
14049,10/29/2019,63,115,10899.85,7,9,9
14051,11/21/2019,40,41,3649.444,7,7,7
14057,5/31/2019,214,48,2891.656,2,7,6
14060,10/28/2019,64,40,3645.87,7,7,7
14062,9/28/2019,94,44,4723.884,6,7,8
14068,10/11/2019,81,24,2028.159,6,5,5
14078,1/9/2019,356,13,1218.755,0,3,4
14081,3/2/2019,304,69,4998.909,0,8,8
14082,4/25/2019,250,29,2316.107,1,5,6
14083,7/10/2019,174,95,6413.971,3,9,8
14085,12/18/2019,13,171,10959.683,9,9,9
14088,10/3/2019,89,93,8910.541,6,9,9
14090,9/20/2019,102,1,13.2,5,0,0
14092,10/4/2019,88,61,2662.386,6,8,6
14099,9/4/2019,118,59,5931.367,5,8,8
14101,9/11/2019,111,3,113.473,5,0,0
14107,7/7/2019,177,17,1002.813,3,4,3
14113,12/5/2019,26,7,517.189,8,1,2
14114,8/27/2019,126,11,1066.572,5,2,3
14119,7/8/2019,176,1,15.19,3,0,0
14127,12/12/2019,19,20,2004.087,9,4,5
14130,10/17/2019,75,67,10334.744,6,8,9
14133,12/18/2019,13,17,1840.362,9,4,5
14135,9/9/2019,113,70,4818.219,5,8,8
14142,1/15/2019,350,22,3448.058,0,5,7
14146,11/16/2019,45,70,9807.998,7,8,9
14150,6/3/2019,211,12,648.303,2,2,2
14156,12/18/2019,13,86,7312.548,9,9,9
14159,5/4/2019,241,51,2256.784,2,7,6
14161,2/23/2019,311,26,2361.224,0,5,6
14167,8/25/2019,128,18,1090.26,5,4,3
14175,10/5/2019,87,21,1600.531,6,4,4
14176,9/9/2019,113,14,386.043,5,3,1
14180,12/16/2019,15,88,20127.614,9,9,9
14185,8/24/2019,129,3,98.4,5,0,0
14188,12/13/2019,18,12,1157.921,9,2,4
14189,10/26/2019,66,47,4482.92,7,7,8
14194,12/27/2019,4,30,3766.374,9,6,7
14201,6/8/2019,206,4,318.366,2,1,1
14205,4/17/2019,258,14,1450.317,1,3,4
14206,5/22/2019,223,1,298,2,0,1
14209,8/19/2019,134,16,2200.054,4,3,5
14210,7/18/2019,166,37,3136.058,3,6,7
14213,1/31/2019,334,5,61.025,0,1,0
14215,11/21/2019,40,52,2813.674,7,7,6
14217,12/9/2019,22,22,816.343,8,5,3
14220,6/22/2019,192,11,885.756,3,2,3
14221,7/19/2019,165,18,1718.862,3,4,5
14224,10/10/2019,82,40,3624.477,6,7,7
14229,11/20/2019,41,23,1640.74,7,5,5
14233,12/11/2019,20,15,1798.97,8,3,5
14236,1/31/2019,334,3,253.85,0,0,1
14237,1/9/2019,356,9,675.781,0,2,2
14238,9/12/2019,110,8,794.926,5,1,3
14239,11/12/2019,49,9,462.232,7,2,2
14242,9/14/2019,108,8,873.34,5,1,3
14243,10/31/2019,61,40,3357.381,7,7,7
14248,10/27/2019,65,8,200.25,7,1,1
14256,4/27/2019,248,32,2870.55,2,6,6
14257,10/19/2019,73,39,3735.403,6,6,7
14258,7/27/2019,157,31,1084.736,4,6,3
14264,1/30/2019,335,2,15.876,0,0,0
14270,8/22/2019,131,29,1362.07,5,5,4
14282,3/21/2019,285,13,924.256,1,3,3
14290,11/12/2019,49,25,2877.924,7,5,6
14292,9/14/2019,108,3,406.84,5,0,1
14293,3/4/2019,302,15,882.871,0,3,3
14295,8/18/2019,135,2,213,4,0,1
14298,11/29/2019,32,241,12623.58,8,9,9
14299,11/11/2019,50,34,2969.617,7,6,6
14307,9/23/2019,99,79,7109.374,6,8,9
14309,12/15/2019,16,22,702.923,9,5,2
14312,12/12/2019,19,23,3077.619,9,5,7
14320,10/1/2019,91,34,2610.832,6,6,6
14321,8/14/2019,139,29,1945.85,4,5,5
14329,9/2/2019,120,76,3858.308,5,8,7
14334,10/13/2019,79,42,2786.113,6,7,6
14341,11/3/2019,58,24,1547.417,7,5,4
14344,6/22/2019,192,14,1132.09,3,3,3
14355,4/13/2019,262,11,1228.705,1,2,4
14368,10/12/2019,80,8,1489.19,6,1,4
14373,6/20/2019,194,4,132.713,3,1,0
14388,4/9/2019,266,23,1466.903,1,5,4
14389,10/23/2019,69,6,596.29,7,1,2
14390,1/20/2019,345,28,3355.159,0,5,7
14395,8/11/2019,142,63,3395.724,4,8,7
14396,2/8/2019,326,34,4032.706,0,6,7
14401,11/21/2019,40,20,1683.633,7,4,5
14404,9/6/2019,116,46,3212.6,5,7,7
14409,10/19/2019,73,14,2181.461,6,3,5
14410,12/31/2019,0,8,1048.75,9,1,3
14411,12/11/2019,20,14,552.351,8,3,2
14413,5/9/2019,236,23,2034.266,2,5,5
14414,6/14/2019,200,8,231.796,3,1,1
14415,9/18/2019,104,117,9309.515,5,9,9
14419,4/25/2019,250,21,1429.233,1,4,4
14426,11/27/2019,34,47,3482.048,8,7,7
14428,9/18/2019,104,24,1047.596,5,5,3
14437,4/11/2019,264,5,152.869,1,1,0
14438,12/31/2019,0,9,444.708,9,2,1
14439,10/13/2019,79,32,2739.618,6,6,6
14440,11/6/2019,55,31,4923.307,7,6,8
14441,10/3/2019,89,2,20.79,6,0,0
14442,12/3/2019,28,32,3701.14,8,6,7
14443,12/14/2019,17,42,1669.677,9,7,5
14448,5/2/2019,243,18,633.314,2,4,2
14449,1/25/2019,340,50,5865.722,0,7,8
14450,10/6/2019,86,11,800.546,6,2,3
14457,12/11/2019,20,4,1408.44,8,1,4
14460,12/12/2019,19,2,333.932,9,0,1
14462,12/25/2019,6,59,7263.986,9,8,9
14466,12/21/2019,10,17,1752.027,9,4,5
14467,11/29/2019,32,15,2476.352,8,3,6
14472,8/8/2019,145,70,5471.585,4,8,8
14479,4/14/2019,261,10,329.626,1,2,1
14487,3/13/2019,293,14,1321.968,1,3,4
14491,1/21/2019,344,4,512.223,0,1,2
14496,12/4/2019,27,19,653.788,8,4,2
14497,12/19/2019,12,29,2344.139,9,5,6
14498,5/14/2019,231,14,595.352,2,3,2
14501,10/12/2019,80,4,890.2,6,1,3
14502,12/1/2019,30,45,4335.74,8,7,7
14505,8/4/2019,149,183,9923.221,4,9,9
14506,2/27/2019,307,50,5588.078,0,7,8
14514,8/25/2019,128,26,1106.762,5,5,3
14524,5/23/2019,222,26,850.996,2,5,3
14525,9/11/2019,111,27,1863.438,5,5,5
14527,11/29/2019,32,199,14785.199,8,9,9
14532,11/22/2019,39,23,1713.041,8,5,5
14533,7/13/2019,171,10,1270.678,3,2,4
14534,10/23/2019,69,29,4830.47,7,5,8
14540,12/19/2019,12,11,1349.147,9,2,4
14541,11/14/2019,47,75,11943.82,7,8,9
14543,10/20/2019,72,11,2588.76,6,2,6
14544,5/15/2019,230,57,4095.99,2,8,7
14548,10/27/2019,65,2,313.99,7,0,1
14549,12/8/2019,23,56,6106.822,8,8,8
14553,7/19/2019,165,23,722.664,3,5,2
14560,12/21/2019,10,22,1771.389,9,5,5
14565,5/16/2019,229,54,1561.132,2,8,4
14572,9/26/2019,96,58,4797.956,6,8,8
14573,1/31/2019,334,76,6459.474,0,8,8
14576,1/30/2019,335,1,53.847,0,0,0
14577,5/4/2019,241,38,2264.758,2,6,6
14587,12/7/2019,24,118,9355.163,8,9,9
14589,2/2/2019,332,3,151.71,0,0,0
14594,1/11/2019,354,31,4449.342,0,6,8
14595,11/23/2019,38,5,643.99,8,1,2
14600,12/31/2019,0,2,724.68,9,0,2
14606,12/31/2019,0,575,52653.214,9,9,9
14608,5/11/2019,234,1,5.59,2,0,0
14616,10/31/2019,61,1,119,7,0,0
14618,7/27/2019,157,6,522.631,4,1,2
14621,6/16/2019,198,16,3143.449,3,3,7
14625,5/19/2019,226,36,1632.578,2,6,5
14627,12/5/2019,26,5,575.971,8,1,2
14639,6/20/2019,194,42,2882.082,3,7,6
14643,7/12/2019,172,18,1085.19,3,4,3
14646,10/2/2019,90,290,20145.641,6,9,9
14653,7/23/2019,161,29,2232.233,4,5,5
14657,9/13/2019,109,62,4489.476,5,8,8
14659,11/19/2019,42,50,5212.738,7,7,8
14662,11/15/2019,46,24,3740.668,7,5,7
14665,12/11/2019,20,26,4609.344,8,5,8
14667,9/12/2019,110,168,25777.667,5,9,9
14669,8/19/2019,134,110,5500.446,4,9,8
14672,8/6/2019,147,34,2159.11,4,6,5
14673,3/21/2019,285,15,1503.145,1,3,4
14679,1/31/2019,334,1,138.339,0,0,0
14680,10/22/2019,70,89,6805.386,6,9,8
14684,5/8/2019,237,44,2864.28,2,7,6
14688,11/29/2019,32,58,7016.908,8,8,8
14692,10/14/2019,78,28,5079.491,6,5,8
14696,9/15/2019,107,35,3203.959,5,6,7
14701,11/9/2019,52,57,7476.448,7,8,9
14702,11/16/2019,45,91,7235.749,7,9,9
14708,5/24/2019,221,13,1555.565,2,3,4
14709,11/21/2019,40,37,2368.232,7,6,6
14713,9/30/2019,92,80,6727.092,6,9,8
14715,8/24/2019,129,13,451.412,5,3,1
14723,6/23/2019,191,90,5960.258,3,9,8
14729,1/8/2019,357,71,7849.128,0,8,9
14732,7/18/2019,166,10,275.694,3,2,1
14733,11/3/2019,58,134,9866.694,7,9,9
14735,12/14/2019,17,33,2719.221,9,6,6
14737,7/12/2019,172,8,133.642,3,1,0
14738,11/11/2019,50,11,1971.982,7,2,5
14739,7/23/2019,161,18,857.881,4,4,3
14741,5/14/2019,231,19,1246.577,2,4,4
14744,12/3/2019,28,14,1671.384,8,3,5
14748,8/23/2019,130,35,1434.008,5,6,4
14755,8/10/2019,143,27,2447.178,4,5,6
14761,8/9/2019,144,7,795.934,4,1,3
14766,4/18/2019,257,8,735.98,1,1,2
14769,9/20/2019,102,59,4473.271,5,8,8
14770,9/29/2019,93,17,868.114,6,4,3
14775,1/29/2019,336,20,1345.193,0,4,4
14776,11/29/2019,32,22,2748.632,8,5,6
14777,6/20/2019,194,2,28.78,3,0,0
14778,12/21/2019,10,18,2504.949,9,4,6
14779,10/3/2019,89,35,7608.783,6,6,9
14782,10/13/2019,79,6,440.841,6,1,1
14784,9/26/2019,96,4,229.43,6,1,1
14794,8/12/2019,141,9,716.168,4,2,2
14796,10/12/2019,80,143,13501.623,6,9,9
14798,12/14/2019,17,6,1123.29,9,1,3
14800,8/8/2019,145,146,9772.54,4,9,9
14805,11/22/2019,39,19,2827.916,8,4,6
14810,12/28/2019,3,55,4097.816,9,8,7
14813,2/15/2019,319,30,2637.422,0,6,6
14821,3/27/2019,279,2,321.3,1,0,1
14825,6/14/2019,200,18,1835.482,3,4,5
14828,8/2/2019,151,5,233.87,4,1,1
14829,6/12/2019,202,29,4397.985,2,5,8
14841,6/13/2019,201,19,2109.397,3,4,5
14842,12/27/2019,4,2,163.08,9,0,1
14849,11/3/2019,58,52,4540.849,7,7,8
14850,12/6/2019,25,22,1287.829,8,5,4
14865,1/30/2019,335,3,31.33,0,0,0
14866,4/7/2019,268,1,15.19,1,0,0
14867,8/7/2019,146,16,708.175,4,3,2
14871,5/25/2019,220,25,767.866,2,5,2
14878,6/15/2019,199,13,867.182,3,3,3
14889,8/6/2019,147,10,462.46,4,2,2
14895,9/30/2019,92,3,74.8,6,0,0
14896,4/14/2019,261,32,3261.026,1,6,7
14898,9/12/2019,110,12,1466.961,5,2,4
14901,5/24/2019,221,40,4114.712,2,7,7
14907,5/24/2019,221,48,4316.544,2,7,7
14911,12/21/2019,10,523,46149.336,9,9,9
14913,6/9/2019,205,17,585.092,2,4,2
14916,9/24/2019,98,15,1980.396,6,3,5
14932,4/13/2019,262,17,700.184,1,4,2
14944,7/13/2019,171,1,37.98,3,0,0
14952,4/29/2019,246,10,525.052,2,2,2
14961,8/1/2019,152,41,2904.076,4,7,6
14970,11/9/2019,52,5,1132.472,7,1,3
14976,9/8/2019,114,16,765.736,5,3,2
14978,10/31/2019,61,74,4252.558,7,8,7
14985,6/24/2019,190,50,3927.101,3,7,7
14987,4/13/2019,262,2,297.34,1,0,1
15002,7/20/2019,164,56,2844.578,3,8,6
15005,12/13/2019,18,146,9806.974,9,9,9
15012,1/9/2019,356,54,5141.519,0,8,8
15018,3/20/2019,286,5,287.44,1,1,1
15021,3/30/2019,276,57,3225.496,1,8,7
15023,9/18/2019,104,105,5792.715,5,9,8
15024,3/27/2019,279,48,4043.65,1,7,7
15028,3/10/2019,296,14,776.363,1,3,2
15032,4/5/2019,270,30,1669.783,1,6,5
15033,9/1/2019,121,64,2848.88,5,8,6
15034,7/25/2019,159,82,5548.774,4,9,8
15038,2/12/2019,322,35,2235.998,0,6,5
15039,12/5/2019,26,315,24884.373,8,9,9
15044,8/16/2019,137,134,7831.167,4,9,9
15046,12/12/2019,19,49,3624.628,9,7,7
15048,3/7/2019,299,23,748.204,0,5,2
15052,10/17/2019,75,30,2958.585,6,6,6
15057,11/16/2019,45,22,2746.102,7,5,6
15058,12/3/2019,28,61,5439.346,8,8,8
15059,10/6/2019,86,30,2186.253,6,6,5
15061,10/27/2019,65,170,14341.856,7,9,9
15062,6/11/2019,203,11,318.269,2,2,1
15070,1/19/2019,346,1,184.473,0,0,1
15078,10/16/2019,76,56,4181.031,6,8,7
15079,11/20/2019,41,27,3971.199,7,5,7
15081,3/26/2019,280,8,441.379,1,1,1
15090,12/26/2019,5,23,2267.774,9,5,6
15093,7/23/2019,161,39,3060.28,4,6,6
15100,8/30/2019,123,6,819.404,5,1,3
15101,8/1/2019,152,5,213.156,4,1,1
15107,12/9/2019,22,20,1177.599,8,4,4
15110,10/20/2019,72,9,1707.27,6,2,5
15111,1/20/2019,345,16,2489.676,0,3,6
15139,8/3/2019,150,8,231.464,4,1,1
15144,11/29/2019,32,19,3058.852,8,4,6
15157,6/28/2019,186,56,2694.053,3,8,6
15159,11/18/2019,43,80,7299.799,7,9,9
15160,6/27/2019,187,4,333.503,3,1,1
15164,7/18/2019,166,16,361.493,3,3,1
15165,1/11/2019,354,27,2063.589,0,5,5
15167,10/8/2019,84,41,2444.1,6,7,6
15171,9/22/2019,100,7,96.46,5,1,0
15174,9/30/2019,92,11,451.776,6,2,1
15179,10/16/2019,76,45,3496.046,6,7,7
15180,3/24/2019,282,6,510.48,1,1,2
15181,5/24/2019,221,2,59.18,2,0,0
15189,11/29/2019,32,10,1375.842,8,2,4
15192,4/19/2019,256,15,894.259,1,3,3
15194,12/2/2019,29,114,20768.069,8,9,9
15197,8/22/2019,131,4,44.096,5,1,0
15199,12/26/2019,5,3,141.67,9,0,0
15203,12/7/2019,24,20,136.756,8,4,0
15204,6/27/2019,187,9,320.246,3,2,1
15208,7/12/2019,172,3,48.388,3,0,0
15211,4/20/2019,255,23,1038.168,1,5,3
15213,10/22/2019,70,25,560.334,6,5,2
15215,11/3/2019,58,2,246.944,7,0,1
15218,10/20/2019,72,28,2392.207,6,5,6
15221,4/5/2019,270,11,288.555,1,2,1
15222,10/17/2019,75,5,895.3,6,1,3
15224,6/20/2019,194,16,259.279,3,3,1
15226,12/12/2019,19,8,787.793,9,1,2
15227,11/3/2019,58,16,996.696,7,3,3
15235,12/19/2019,12,88,6150.264,9,9,8
15240,12/4/2019,27,17,1952.887,8,4,5
15246,6/13/2019,201,12,185.353,3,2,1
15260,1/20/2019,345,17,1569.441,0,4,4
15262,9/27/2019,95,10,1586.483,6,2,4
15266,7/23/2019,161,6,626.06,4,1,2
15270,12/13/2019,18,18,769.985,9,4,2
15271,7/26/2019,158,40,3525.087,4,7,7
15279,7/6/2019,178,21,1568.327,3,4,4
15281,10/5/2019,87,55,3249.728,6,8,7
15288,4/17/2019,258,26,2159.962,1,5,5
15290,9/4/2019,118,19,462.385,5,4,2
15291,10/14/2019,78,35,885.858,6,6,3
15296,9/10/2019,112,61,6037.656,5,8,8
15298,9/20/2019,102,39,1783.021,5,6,5
15299,1/29/2019,336,3,322.497,0,0,1
15301,3/7/2019,299,34,2661.263,0,6,6
15304,3/6/2019,300,5,249.273,0,1,1
15311,12/19/2019,12,587,73058.422,9,9,9
15312,7/7/2019,177,17,510.065,3,4,2
15316,9/9/2019,113,1,44,5,0,0
15326,8/14/2019,139,29,1579.208,4,5,4
15329,4/19/2019,256,3,62.034,1,0,0
15332,4/6/2019,269,35,2362.002,1,6,6
15339,10/23/2019,69,41,4904.024,7,7,8
15346,8/17/2019,136,17,600.846,4,4,2
15347,4/7/2019,268,5,71.59,1,1,0
15350,1/10/2019,355,5,549.753,0,1,2
15351,2/14/2019,320,53,20329.612,0,7,9
15353,3/20/2019,286,12,959.769,1,2,3
15356,5/24/2019,221,115,8499.953,2,9,9
15358,12/3/2019,28,122,10128.871,8,9,9
15361,5/12/2019,233,7,424.124,2,1,1
15363,1/22/2019,343,16,996.159,0,3,3
15365,11/20/2019,41,12,1908.37,7,2,5
15366,6/20/2019,194,8,1174.772,3,1,4
15370,8/17/2019,136,8,61.674,4,1,0
15373,10/30/2019,62,24,2259.335,7,5,6
15379,9/28/2019,94,138,9275.564,6,9,9
15380,4/19/2019,256,1,313.53,1,0,1
15384,6/5/2019,209,22,1452.228,2,5,4
15392,6/21/2019,193,20,1432.411,3,4,4
15394,6/16/2019,198,24,2452.57,3,5,6
15395,9/15/2019,107,7,813.17,5,1,3
15415,11/25/2019,36,48,6739.68,8,7,8
15421,12/13/2019,18,16,530.707,9,3,2
15422,9/30/2019,92,6,290.333,6,1,1
15426,3/15/2019,291,87,5841.99,1,9,8
15443,10/8/2019,84,51,3042.535,6,7,6
15447,8/27/2019,126,9,630.162,5,2,2
15448,11/27/2019,34,28,4547.71,8,5,8
15454,5/10/2019,235,25,1546.408,2,5,4
15456,6/11/2019,203,26,1243.772,2,5,4
15460,7/11/2019,173,58,5974.246,3,8,8
15464,7/25/2019,159,157,12375.355,4,9,9
15465,10/5/2019,87,21,1340.42,6,4,4
15468,5/23/2019,222,1,2.392,2,0,0
15482,6/13/2019,201,8,196.579,3,1,1
15485,8/7/2019,146,43,2263.32,4,7,6
15497,11/27/2019,34,11,1628.131,8,2,5
15498,10/14/2019,78,163,10202.472,6,9,9
15502,3/16/2019,290,40,3757.518,1,7,7
15503,5/3/2019,242,70,3309.526,2,8,7
15510,8/28/2019,125,1,19.19,5,0,0
15512,6/6/2019,208,6,126.218,2,1,0
15513,11/8/2019,53,46,4301.072,7,7,7
15514,5/25/2019,220,113,6092.485,2,9,8
15518,10/23/2019,69,67,3688.151,7,8,7
15525,1/9/2019,356,57,7612.843,0,8,9
15527,11/18/2019,43,27,2765.22,7,5,6
15529,9/27/2019,95,76,7310.358,6,8,9
15532,6/21/2019,193,50,5498.729,3,7,8
15535,9/5/2019,117,41,3262.61,5,7,7
15544,1/22/2019,343,26,1949.433,0,5,5
15545,2/10/2019,324,31,3269.956,0,6,7
15547,11/19/2019,42,90,7125.19,7,9,9
15549,11/22/2019,39,62,8335.874,8,8,9
15555,5/15/2019,230,96,5308.939,2,9,8
15562,7/14/2019,170,1,79,3,0,0
15563,6/14/2019,200,22,1257.318,3,5,4
15569,8/19/2019,134,7,181.52,4,1,1
15570,9/1/2019,121,144,15991.909,5,9,9
15574,6/16/2019,198,159,9526.84,3,9,9
15579,11/23/2019,38,26,3559.752,8,5,7
15581,7/11/2019,173,49,2552.128,3,7,6
15587,7/14/2019,170,3,598.92,3,0,2
15589,12/11/2019,20,12,1223.776,8,2,4
15596,11/8/2019,53,43,2929.221,7,7,6
15601,11/14/2019,47,157,15772.923,7,9,9
15602,12/1/2019,30,17,1289.974,8,4,4
15605,1/10/2019,355,12,2177.902,0,2,5
15606,9/22/2019,100,10,369.029,5,2,1
15607,8/3/2019,150,13,773.81,4,3,2
15611,8/8/2019,145,3,95.99,4,0,0
15615,8/30/2019,123,50,3577.947,5,7,7
15620,6/19/2019,195,31,1055.7,3,6,3
15626,8/30/2019,123,20,844.784,5,4,3
15628,3/27/2019,279,19,1995.723,1,4,5
15640,8/17/2019,136,115,9174.957,4,9,9
15641,6/9/2019,205,20,1136.877,2,4,4
15646,1/29/2019,336,17,1653.726,0,4,5
15649,8/4/2019,149,2,82.35,4,0,0
15658,12/18/2019,13,28,4240.158,9,5,7
15660,4/11/2019,264,10,551.286,1,2,2
15661,11/1/2019,60,5,1254.6,7,1,4
15664,6/12/2019,202,2,288.8,2,0,1
15673,9/7/2019,115,53,1857.574,5,7,5
15680,4/6/2019,269,30,2142.039,1,6,5
15687,12/7/2019,24,45,5148.001,8,7,8
15689,5/12/2019,233,6,870.972,2,1,3
15694,12/6/2019,25,24,2253.59,8,5,6
15696,11/21/2019,40,48,3232.582,7,7,7
15708,11/25/2019,36,96,7463.67,8,9,9
15713,5/24/2019,221,10,987.963,2,2,3
15716,2/17/2019,317,38,2127.44,0,6,5
15719,12/18/2019,13,175,14840.572,9,9,9
15723,4/26/2019,249,41,3509.26,2,7,7
15727,8/25/2019,128,99,6225.51,5,9,8
15732,1/25/2019,340,5,307.181,0,1,1
15738,11/28/2019,33,37,1902.908,8,6,5
15749,8/19/2019,134,5,603.7,4,1,2
15750,4/18/2019,257,21,1765.688,1,4,5
15752,1/17/2019,348,14,1598.801,0,3,4
15759,6/20/2019,194,4,47.334,3,1,0
15769,8/6/2019,147,12,752.572,4,2,2
15777,10/28/2019,64,8,557.146,7,1,2
15780,6/26/2019,188,12,1651.183,3,2,5
15781,12/31/2019,0,5,729.359,9,1,2
15789,6/19/2019,195,25,1970.218,3,5,5
15797,10/17/2019,75,1,179.1,6,0,1
15799,8/11/2019,142,22,937.666,4,5,3
15805,4/22/2019,253,11,1598.77,1,2,4
15808,12/30/2019,1,210,18614.373,9,9,9
15811,6/28/2019,186,23,1062.344,3,5,3
15812,10/29/2019,63,2,348,7,0,1
15820,10/14/2019,78,17,1668.837,6,4,5
15822,6/8/2019,206,16,855.755,2,3,3
15823,7/28/2019,156,17,627.913,4,4,2
15827,11/27/2019,34,29,2960.087,8,5,6
15831,9/24/2019,98,18,893.331,6,4,3
15834,1/29/2019,336,2,24.68,0,0,0
15835,8/26/2019,127,15,596.042,5,3,2
15838,12/10/2019,21,6,468.225,8,1,2
15841,7/20/2019,164,7,135.721,3,1,0
15845,8/1/2019,152,13,3582.53,4,3,7
15854,12/8/2019,23,25,2355.963,8,5,6
15856,7/15/2019,169,54,4110.09,3,8,7
15858,3/23/2019,283,44,3020.337,1,7,6
15860,3/6/2019,300,15,1720.092,0,3,5
15862,1/3/2019,362,64,7891.675,0,8,9
15864,12/4/2019,27,9,1235.01,8,2,4
15867,11/3/2019,58,138,11317.135,7,9,9
15880,2/23/2019,311,106,11697.94,0,9,9
15881,12/4/2019,27,32,3749.778,8,6,7
15882,3/13/2019,293,17,1422.409,1,4,4
15885,12/19/2019,12,1,22.41,9,0,0
15889,2/28/2019,306,66,8793.6,0,8,9
15894,2/26/2019,308,38,3197.746,0,6,7
15898,3/22/2019,284,64,4074.486,1,8,7
15899,3/4/2019,302,4,347.272,0,1,1
15910,11/8/2019,53,42,5303.768,7,7,8
15916,8/29/2019,124,48,3456.006,5,7,7
15919,3/6/2019,300,49,3896.128,0,7,7
15922,1/22/2019,343,12,648.732,0,2,2
15923,1/21/2019,344,21,2056.396,0,4,5
15938,9/26/2019,96,5,1282.6,6,1,4
15939,12/7/2019,24,18,1044.128,8,4,3
15940,12/10/2019,21,2,6.299,8,0,0
15945,4/16/2019,259,2,510.69,1,0,2
15950,6/6/2019,208,29,1832.136,2,5,5
15953,8/22/2019,131,27,2155.766,5,5,5
15955,1/19/2019,346,20,2396.211,0,4,6
15965,3/22/2019,284,16,1873.116,1,3,5
15967,10/20/2019,72,35,2667.814,6,6,6
15971,12/10/2019,21,4,314.955,8,1,1
15973,7/19/2019,165,5,289.388,3,1,1
15981,12/8/2019,23,4,114.564,8,1,0
15983,5/26/2019,219,81,5517.076,2,9,8
15984,7/22/2019,162,17,552.597,3,4,2
15987,3/4/2019,302,9,196.39,0,2,1
15996,4/9/2019,266,32,799.576,1,6,3
15998,5/9/2019,236,118,7876.982,2,9,9
16003,6/7/2019,207,20,1515.17,2,4,4
16010,5/7/2019,238,24,3198.764,2,5,7
16011,12/9/2019,22,50,5712.793,8,7,8
16013,8/2/2019,151,12,452.19,4,2,1
16016,4/6/2019,269,70,5869.959,1,8,8
16019,11/20/2019,41,27,898.356,7,5,3
16029,12/26/2019,5,52,4678.717,9,7,8
16030,12/16/2019,15,29,3459.149,9,5,7
16033,9/14/2019,108,141,7081.66,5,9,9
16034,8/18/2019,135,9,199.44,4,2,1
16037,6/13/2019,201,15,780.348,3,3,2
16042,8/19/2019,134,6,511.68,4,1,2
16043,10/28/2019,64,17,937.74,7,4,3
16048,1/13/2019,352,8,1398.987,0,1,4
16059,9/6/2019,116,49,2288.404,5,7,6
16062,4/27/2019,248,7,607.27,2,1,2
16065,4/15/2019,260,74,7122.673,1,8,9
16081,3/29/2019,277,22,2645.908,1,5,6
16083,5/24/2019,221,17,445.36,2,4,1
16085,10/6/2019,86,28,1980.475,6,5,5
16086,3/22/2019,284,8,694.08,1,1,2
16094,8/1/2019,152,2,19.69,4,0,0
16098,1/2/2019,363,12,818.869,0,2,3
16109,12/24/2019,7,3,759.39,9,0,2
16110,12/9/2019,22,115,11212.632,8,9,9
16112,8/16/2019,137,10,862.63,4,2,3
16122,8/17/2019,136,19,555.18,4,4,2
16124,11/14/2019,47,16,871.912,7,3,3
16125,3/26/2019,280,13,1468.425,1,3,4
16133,11/15/2019,46,13,1141.055,7,3,4
16134,7/11/2019,173,19,2279.269,3,4,6
16138,3/16/2019,290,1,2.8,1,0,0
16140,2/7/2019,327,7,992.162,0,1,3
16143,7/7/2019,177,28,2786.527,3,5,6
16145,8/18/2019,135,38,2143.853,4,6,5
16150,8/1/2019,152,26,1916.764,4,5,5
16153,7/5/2019,179,10,1102.18,3,2,3
16156,12/12/2019,19,18,1835.877,9,4,5
16161,12/10/2019,21,124,9773.541,8,9,9
16163,4/20/2019,255,5,103.251,1,1,0
16168,10/16/2019,76,8,477.41,6,1,2
16186,1/25/2019,340,20,703.52,0,4,2
16191,12/3/2019,28,36,1271.506,8,6,4
16202,5/22/2019,223,18,733.208,2,4,2
16203,8/18/2019,135,12,1562.648,4,2,4
16206,9/5/2019,117,25,1307.632,5,5,4
16210,12/15/2019,16,42,3715.996,9,7,7
16218,1/4/2019,361,28,3622.911,0,5,7
16221,3/21/2019,285,12,1042.217,1,2,3
16222,10/26/2019,66,137,10845.159,7,9,9
16233,8/30/2019,123,12,620.41,5,2,2
16235,9/4/2019,118,9,802.175,5,2,3
16241,7/19/2019,165,71,5745.972,3,8,8
16244,1/20/2019,345,63,5080.751,0,8,8
16250,1/2/2019,363,14,1933.946,0,3,5
16252,4/10/2019,265,21,1579.493,1,4,4
16255,7/17/2019,167,60,4197.196,3,8,7
16262,5/24/2019,221,3,663,2,0,2
16265,4/24/2019,251,38,2408.277,1,6,6
16270,7/12/2019,172,54,4067.468,3,8,7
16271,6/20/2019,194,16,541.069,3,3,2
16274,1/13/2019,352,67,5906.671,0,8,8
16279,8/13/2019,140,2,171.59,4,0,1
16282,7/17/2019,167,11,745.23,3,2,2
16293,3/24/2019,282,16,555.875,1,3,2
16303,8/15/2019,138,35,2162.65,4,6,5
16306,8/1/2019,152,15,371.267,4,3,1
16315,8/27/2019,126,14,197.55,5,3,1
16316,7/22/2019,162,21,2113.382,3,4,5
16321,9/27/2019,95,4,166.995,6,1,1
16326,11/22/2019,39,43,1762.264,8,7,5
16327,11/17/2019,44,101,8624.708,7,9,9
16333,12/16/2019,15,2,605.49,9,0,2
16350,8/13/2019,140,25,845.97,4,5,3
16351,8/17/2019,136,8,250.032,4,1,1
16353,12/20/2019,11,13,802.887,9,3,3
16359,9/4/2019,118,5,59.352,5,1,0
16365,6/9/2019,205,7,348.937,2,1,1
16367,5/6/2019,239,37,1213.892,2,6,4
16378,12/12/2019,19,10,1578.226,9,2,4
16385,4/4/2019,271,21,776.008,1,4,2
16387,10/2/2019,90,4,25.971,6,1,0
16393,5/6/2019,239,22,1209.47,2,5,4
16395,9/26/2019,96,60,5911.762,6,8,8
16401,9/5/2019,117,14,727.496,5,3,2
16402,2/24/2019,310,57,4877.736,0,8,8
16403,11/30/2019,31,10,739.478,8,2,2
16405,12/15/2019,16,3,33.786,9,0,0
16407,11/30/2019,31,20,1175.328,8,4,4
16409,11/3/2019,58,48,4624.386,7,7,8
16411,2/23/2019,311,21,819.2,0,4,3
16419,12/6/2019,25,17,867.516,8,4,3
16422,12/7/2019,24,54,4230.556,8,8,7
16424,7/28/2019,156,1,10.63,4,0,0
16442,5/23/2019,222,46,4601.16,2,7,8
16455,5/21/2019,224,30,1523.794,2,6,4
16456,12/28/2019,3,62,7525.837,9,8,9
16458,5/24/2019,221,10,380.058,2,2,1
16470,6/14/2019,200,40,2186.249,3,7,5
16473,8/2/2019,151,8,328.016,4,1,1
16477,10/11/2019,81,59,4382.773,6,8,7
16493,8/30/2019,123,6,25.78,5,1,0
16496,11/5/2019,56,41,5654.64,7,7,8
16497,10/27/2019,65,27,2816.592,7,5,6
16499,6/1/2019,213,22,1800.566,2,5,5
16500,8/26/2019,127,1,7.68,5,0,0
16503,8/28/2019,125,53,4072.443,5,7,7
16510,1/24/2019,341,13,1934.144,0,3,5
16515,12/7/2019,24,31,2221.982,8,6,5
16519,4/18/2019,257,5,67.542,1,1,0
16520,4/16/2019,259,60,6892.298,1,8,8
16523,11/18/2019,43,26,1695.032,7,5,5
16525,12/29/2019,2,39,3160.545,9,6,7
16531,10/23/2019,69,14,1168.199,7,3,4
16532,7/21/2019,163,1,9.45,3,0,0
16539,6/20/2019,194,30,3334.853,3,6,7
16546,1/29/2019,336,12,1570.804,0,2,4
16549,8/10/2019,143,33,1421.286,4,6,4
16550,3/14/2019,292,51,3033.478,1,7,6
16551,8/2/2019,151,11,577.726,4,2,2
16552,1/7/2019,358,5,444.331,0,1,1
16553,5/31/2019,214,18,5681.926,2,4,8
16554,8/23/2019,130,2,496.71,5,0,2
16556,5/30/2019,215,16,1308.392,2,3,4
16558,10/12/2019,80,64,3295.511,6,8,7
16560,6/19/2019,195,21,1981.66,3,4,5
16565,5/1/2019,244,3,60.444,2,0,0
16567,8/1/2019,152,26,1970.106,4,5,5
16570,12/4/2019,27,18,1775.767,8,4,5
16579,4/19/2019,256,1,223.95,1,0,1
16583,1/5/2019,360,14,1845.806,0,3,5
16593,9/5/2019,117,1,1.59,5,0,0
16596,4/10/2019,265,6,54.943,1,1,0
16600,7/21/2019,163,9,876.316,3,2,3
16607,6/28/2019,186,9,700.175,3,2,2
16612,12/5/2019,26,18,2592.387,8,4,6
16618,10/3/2019,89,35,4806.905,6,6,8
16634,1/30/2019,335,8,1043.049,0,1,3
16638,9/2/2019,120,12,214.231,5,2,1
16654,3/16/2019,290,9,652.82,1,2,2
16655,8/22/2019,131,39,2029.84,5,6,5
16656,11/3/2019,58,11,112.295,7,2,0
16658,3/14/2019,292,8,892.073,1,1,3
16660,10/14/2019,78,4,16.831,6,1,0
16665,5/10/2019,235,9,899.228,2,2,3
16670,9/14/2019,108,52,3279.731,5,7,7
16676,7/28/2019,156,29,695.944,4,5,2
16679,4/5/2019,270,3,72.993,1,0,0
16684,12/17/2019,14,57,5189.387,9,8,8
16686,7/4/2019,180,87,7721.251,3,9,9
16700,11/9/2019,52,52,3931.17,7,7,7
16701,8/22/2019,131,20,1278.29,5,4,4
16705,12/8/2019,23,60,2847.124,8,8,6
16710,5/31/2019,214,75,3772.348,2,8,7
16711,6/27/2019,187,1,12.99,3,0,0
16713,7/7/2019,177,106,7647.8,3,9,9
16714,11/1/2019,60,93,9800.002,7,9,9
16716,12/10/2019,21,1,34.244,8,0,0
16717,12/13/2019,18,18,1064.096,9,4,3
16718,2/22/2019,312,45,4274.402,0,7,7
16719,7/21/2019,163,60,5048.608,3,8,8
16722,5/24/2019,221,42,2108.721,2,7,5
16725,12/26/2019,5,133,10042.966,9,9,9
16726,5/16/2019,229,20,515.552,2,4,2
16727,4/30/2019,245,46,3291.027,2,7,7
16730,10/16/2019,76,14,1864.281,6,3,5
16735,8/10/2019,143,47,2825.142,4,7,6
16743,6/15/2019,199,30,2127.079,3,6,5
16745,12/30/2019,1,58,4931.306,9,8,8
16746,9/5/2019,117,47,2717.063,5,7,6
16748,12/19/2019,12,19,1620.473,9,4,5
16752,1/21/2019,344,9,904.953,0,2,3
16754,1/30/2019,335,2,136.79,0,0,0
16755,11/17/2019,44,16,1552.014,7,3,4
16757,10/20/2019,72,7,865.073,6,1,3
16767,11/10/2019,51,50,6016.496,7,7,8
16770,11/24/2019,37,67,7915.476,8,8,9
16771,12/13/2019,18,105,9946.113,9,9,9
16775,8/29/2019,124,30,2540.27,5,6,6
16779,12/10/2019,21,75,5219.027,8,8,8
16781,4/19/2019,256,19,1924.786,1,4,5
16782,11/6/2019,55,119,8861.138,7,9,9
16791,8/21/2019,132,53,3029.704,4,7,6
16795,4/18/2019,257,66,4438.467,1,8,8
16805,5/31/2019,214,55,3374.416,2,8,7
16810,5/23/2019,222,1,25.08,2,0,0
16812,5/26/2019,219,15,1726.404,2,3,5
16814,12/16/2019,15,92,7021.076,9,9,9
16816,11/26/2019,35,20,2615.68,8,4,6
16817,6/2/2019,212,19,1517.941,2,4,4
16833,8/10/2019,143,18,1120.556,4,4,3
16835,1/16/2019,349,5,214.054,0,1,1
16839,11/27/2019,34,26,1442.71,8,5,4
16843,9/7/2019,115,19,1453.092,5,4,4
16850,8/14/2019,139,19,1423.26,4,4,4
16858,4/7/2019,268,13,548.989,1,3,2
16861,3/16/2019,290,2,13.515,1,0,0
16863,5/22/2019,223,10,1101.779,2,2,3
16873,7/9/2019,175,70,2769.556,3,8,6
16875,8/17/2019,136,28,2810.858,4,5,6
16882,11/4/2019,57,1,238,7,0,1
16883,2/1/2019,333,17,2177.106,0,4,5
16885,6/29/2019,185,30,3220.776,3,6,7
16889,8/2/2019,151,48,4062.186,4,7,7
16891,2/2/2019,332,69,6532.5,0,8,8
16892,9/28/2019,94,1,29.092,6,0,0
16893,3/30/2019,276,45,3121.292,1,7,7
16897,11/22/2019,39,30,3457.064,8,6,7
16898,4/18/2019,257,33,2499.886,1,6,6
16899,5/30/2019,215,16,704.382,2,3,2
16904,9/21/2019,101,76,5546.091,5,8,8
16905,2/1/2019,333,10,953.332,0,2,3
16907,4/20/2019,255,34,3265.127,1,6,7
16912,9/30/2019,92,13,850.936,6,3,3
16916,1/23/2019,342,50,2928.093,0,7,6
16918,11/4/2019,57,31,2196.542,7,6,5
16919,5/31/2019,214,65,6296.009,2,8,8
16923,11/22/2019,39,125,13353.65,8,9,9
16926,2/4/2019,330,14,475.156,0,3,2
16927,5/15/2019,230,2,24.29,2,0,0
16928,10/3/2019,89,11,1412.232,6,2,4
16931,10/7/2019,85,129,10308.472,6,9,9
16938,12/21/2019,10,14,1852.02,9,3,5
16943,10/26/2019,66,21,1365.28,7,4,4
16945,6/22/2019,192,19,944.39,3,4,3
16948,9/15/2019,107,5,491.225,5,1,2
16949,11/8/2019,53,5,822.99,7,1,3
16950,3/24/2019,282,3,152.55,1,0,0
16954,6/3/2019,211,12,309.233,2,2,1
16955,8/6/2019,147,16,1222.242,4,3,4
16983,10/11/2019,81,23,1031.283,6,5,3
16985,12/12/2019,19,33,3493.998,9,6,7
16992,12/14/2019,17,2,30.903,9,0,0
16995,1/30/2019,335,1,17.53,0,0,0
16996,7/13/2019,171,6,314.103,3,1,1
16997,12/19/2019,12,8,546.646,9,1,2
17001,10/17/2019,75,32,1465.263,6,6,4
17007,7/12/2019,172,13,1098.14,3,3,3
17017,6/1/2019,213,75,6188.891,2,8,8
17018,9/14/2019,108,6,598.073,5,1,2
17019,8/27/2019,126,90,7290.54,5,9,9
17025,1/14/2019,351,5,1098.799,0,1,3
17026,2/20/2019,314,3,138.78,0,0,0
17027,11/1/2019,60,43,3326.846,7,7,7
17033,6/7/2019,207,8,312.239,2,1,1
17035,12/7/2019,24,18,1457.998,8,4,4
17041,5/24/2019,221,18,564.462,2,4,2
17044,6/12/2019,202,3,43.673,2,0,0
17048,10/5/2019,87,16,1127.494,6,3,3
17059,2/18/2019,316,117,7991.648,0,9,9
17062,11/22/2019,39,71,5365.148,8,8,8
17064,9/7/2019,115,23,2833.451,5,5,6
17068,11/29/2019,32,69,6028.176,8,8,8
17069,7/14/2019,170,30,2160.78,3,6,5
17071,12/15/2019,16,17,1159.419,9,4,4
17075,10/31/2019,61,18,311.726,7,4,1
17076,4/23/2019,252,7,1015.651,1,1,3
17082,10/27/2019,65,24,366.224,7,5,1
17085,7/6/2019,178,86,5017.633,3,9,8
17090,7/8/2019,176,2,84.69,3,0,0
17091,10/23/2019,69,53,2537.465,7,7,6
17094,10/27/2019,65,15,1635.834,7,3,5
17095,8/22/2019,131,17,637.38,5,4,2
17097,9/23/2019,99,63,5389.82,6,8,8
17105,12/30/2019,1,38,4518.213,9,6,8
17114,8/8/2019,145,29,2375.032,4,5,6
17118,10/30/2019,62,10,1722.14,7,2,5
17126,5/5/2019,240,63,6031.118,2,8,8
17128,8/9/2019,144,14,898.202,4,3,3
17135,1/31/2019,334,9,1339.465,0,2,4
17146,6/15/2019,199,16,1571.561,3,3,4
17147,12/4/2019,27,18,691.099,8,4,2
17158,5/29/2019,216,25,1889.782,2,5,5
17179,5/17/2019,228,20,1750.446,2,4,5
17180,11/16/2019,45,55,5535.086,7,8,8
17181,1/7/2019,358,2,327.01,0,0,1
17188,11/20/2019,41,37,3117.707,7,6,7
17189,6/12/2019,202,38,3384.076,2,6,7
17191,3/16/2019,290,72,6666.527,1,8,8
17194,5/25/2019,220,28,1286.648,2,5,4
17198,4/17/2019,258,77,8622.815,1,8,9
17204,7/6/2019,178,3,347,3,0,1
17211,7/12/2019,172,75,4306.732,3,8,7
17213,11/11/2019,50,53,3372.291,7,7,7
17214,12/19/2019,12,27,1575.619,9,5,4
17218,8/11/2019,142,119,6453.809,4,9,8
17220,11/28/2019,33,69,7079.518,8,8,9
17223,12/14/2019,17,49,7388.197,9,7,9
17226,12/22/2019,9,21,2164.192,9,4,5
17227,3/5/2019,301,10,247.58,0,2,1
17228,12/6/2019,25,48,3682.347,8,7,7
17230,12/12/2019,19,60,5479.381,9,8,8
17231,9/26/2019,96,85,5639.888,6,9,8
17235,1/23/2019,342,10,1801.468,0,2,5
17236,10/23/2019,69,33,2242.536,7,6,6
17238,10/4/2019,88,86,8790.844,6,9,9
17239,11/27/2019,34,16,2446.172,8,3,6
17243,10/5/2019,87,64,5373.038,6,8,8
17251,5/3/2019,242,39,1740.254,2,6,5
17256,12/1/2019,30,12,852.143,8,2,3
17259,3/11/2019,295,87,4953.736,1,9,8
17262,4/5/2019,270,2,9.411,1,0,0
17277,10/3/2019,89,52,3898.235,6,7,7
17284,8/5/2019,148,131,5826.674,4,9,8
17287,3/21/2019,285,22,1693.5,1,5,5
17288,9/11/2019,111,12,1205.94,5,2,4
17291,12/24/2019,7,1,121.3,9,0,0
17293,12/27/2019,4,25,2030.181,9,5,5
17303,5/16/2019,229,53,2471.234,2,7,6
17306,11/3/2019,58,9,136.761,7,2,0
17307,4/19/2019,256,1,19.19,1,0,0
17311,11/7/2019,54,24,3577.99,7,5,7
17314,12/4/2019,27,26,3005.819,8,5,6
17315,12/26/2019,5,85,7214.411,9,9,9
17320,3/18/2019,288,22,1401.772,1,5,4
17324,8/22/2019,131,17,1358.243,5,4,4
17329,11/21/2019,40,16,2448.15,7,3,6
17334,12/20/2019,11,10,1385.447,9,2,4
17337,12/15/2019,16,260,31950.043,9,9,9
17338,8/24/2019,129,122,6277.858,5,9,8
17339,4/18/2019,257,4,22.4,1,1,0
17340,7/11/2019,173,137,9670.869,3,9,9
17341,4/3/2019,272,161,10424.799,1,9,9
17343,7/5/2019,179,17,991.406,3,4,3
17346,6/5/2019,209,47,2976.292,2,7,6
17356,12/5/2019,26,19,1791.511,8,4,5
17358,7/3/2019,181,42,4560.957,3,7,8
17362,12/16/2019,15,12,766.564,9,2,2
17364,9/30/2019,92,52,1625.606,6,7,5
17365,8/18/2019,135,79,3876.26,4,8,7
17368,10/27/2019,65,42,2584.309,7,7,6
17371,5/19/2019,226,8,1126.66,2,1,3
17372,11/3/2019,58,95,7812.946,7,9,9
17373,11/28/2019,33,17,1886.762,8,4,5
17375,12/3/2019,28,43,3629.085,8,7,7
17376,12/9/2019,22,13,414.353,8,3,1
17377,6/29/2019,185,45,3741.998,3,7,7
17381,12/22/2019,9,19,2546.596,9,4,6
17389,12/3/2019,28,17,2518.518,8,4,6
17392,12/28/2019,3,62,6666.556,9,8,8
17396,1/31/2019,334,3,22.47,0,0,0
17400,7/13/2019,171,37,6330.245,3,6,8
17402,9/2/2019,120,27,1767.11,5,5,5
17404,11/17/2019,44,48,4200.329,7,7,7
17406,8/28/2019,125,116,6002.191,5,9,8
17411,4/13/2019,262,2,146.335,1,0,0
17412,6/22/2019,192,21,1649.325,3,4,5
17418,9/27/2019,95,12,961.067,6,2,3
17419,9/20/2019,102,37,1767.793,5,6,5
17420,1/2/2019,363,7,544.02,0,1,2
17428,8/17/2019,136,50,2045.097,4,7,5
17430,4/15/2019,260,5,1229.5,1,1,4
17431,11/25/2019,36,43,6224.472,8,7,8
17442,4/19/2019,256,1,197.505,1,0,1
17446,12/13/2019,18,5,821.593,9,1,3
17449,6/5/2019,209,73,6097.464,2,8,8
17450,8/17/2019,136,74,2318.772,4,8,6
17454,6/4/2019,210,9,956.463,2,2,3
17456,4/19/2019,256,17,789.631,1,4,2
17457,12/20/2019,11,8,692.842,9,1,2
17460,10/26/2019,66,8,465.25,7,1,2
17463,11/26/2019,35,94,9798.61,8,9,9
17470,3/19/2019,287,11,870.566,1,2,3
17491,9/15/2019,107,13,221.646,5,3,1
17496,6/12/2019,202,10,239.466,2,2,1
17504,10/1/2019,91,27,2116.392,6,5,5
17507,12/20/2019,11,45,5126.784,9,7,8
17511,12/10/2019,21,213,16295.86,8,9,9
17515,10/26/2019,66,31,2589.42,7,6,6
17517,12/22/2019,9,11,824.281,9,2,3
17519,5/22/2019,223,19,1460.213,2,4,4
17524,5/17/2019,228,6,210.76,2,1,1
17525,6/6/2019,208,9,331.992,2,2,1
17526,5/23/2019,222,7,510.541,2,1,2
17530,4/22/2019,253,65,5093.722,1,8,8
17540,11/12/2019,49,8,314.5,7,1,1
17547,1/25/2019,340,2,145.759,0,0,0
17548,1/3/2019,362,7,533.083,0,1,2
17551,6/9/2019,205,43,2371.921,2,7,6
17552,1/31/2019,334,13,1072.159,0,3,3
17555,8/9/2019,144,49,3196.056,4,7,7
17560,12/12/2019,19,4,144.823,9,1,0
17567,1/26/2019,339,27,1180.165,0,5,4
17569,8/21/2019,132,29,1674.122,4,5,5
17572,1/9/2019,356,4,147.794,0,1,0
17576,9/19/2019,103,44,5755.09,5,7,8
17580,11/30/2019,31,44,4261.266,8,7,7
17581,8/31/2019,122,65,4729.305,5,8,8
17585,7/24/2019,160,28,3008.434,4,5,6
17591,11/3/2019,58,99,5106.177,7,9,8
17593,7/13/2019,171,26,740.085,3,5,2
17596,3/8/2019,298,60,3805.612,0,8,7
17602,9/25/2019,97,103,10620.85,6,9,9
17604,12/2/2019,29,27,3425.287,8,5,7
17609,9/7/2019,115,100,5789.944,5,9,8
17611,10/9/2019,83,193,15499.24,6,9,9
17616,3/19/2019,287,1,119,1,0,0
17618,5/11/2019,234,53,2270.83,2,7,6
17619,12/1/2019,30,77,5066.29,8,8,8
17621,11/29/2019,32,15,2279.946,8,3,6
17629,8/17/2019,136,12,1084.384,4,2,3
17633,6/12/2019,202,1,11.193,2,0,0
17634,7/28/2019,156,74,3696.778,4,8,7
17643,1/12/2019,353,8,564.597,0,1,2
17644,10/5/2019,87,1,12.231,6,0,0
17646,4/18/2019,257,9,902.503,1,2,3
17655,6/20/2019,194,11,219.76,3,2,1
17659,6/21/2019,193,17,1473.107,3,4,4
17671,4/18/2019,257,17,306.855,1,4,1
17672,12/18/2019,13,41,4463.189,9,7,8
17673,10/11/2019,81,44,7477.51,6,7,9
17674,3/4/2019,302,11,371.198,0,2,1
17675,12/4/2019,27,61,4367.334,8,8,7
17676,4/5/2019,270,15,927.604,1,3,3
17677,10/23/2019,69,44,2970.762,7,7,6
17682,3/13/2019,293,18,944.463,1,4,3
17685,12/27/2019,4,41,2998.469,9,7,6
17690,9/11/2019,111,76,6141.463,5,8,8
17691,6/21/2019,193,19,403.46,3,4,1
17692,6/8/2019,206,25,2578.101,2,5,6
17696,8/1/2019,152,8,896.362,4,1,3
17700,4/19/2019,256,3,35.271,1,0,0
17702,4/17/2019,258,5,547.65,1,1,2
17706,3/29/2019,277,28,2085.868,1,5,5
17707,8/4/2019,149,3,20.904,4,0,0
17708,9/20/2019,102,26,2606.939,5,5,6
17714,10/5/2019,87,10,479.791,6,2,2
17720,3/20/2019,286,1,48.99,1,0,0
17722,11/3/2019,58,80,5067.57,7,9,8
17730,10/23/2019,69,18,1040.605,7,4,3
17732,1/17/2019,348,18,1761.843,0,4,5
17735,10/30/2019,62,57,6444.813,7,8,8
17739,8/16/2019,137,12,574.75,4,2,2
17742,8/17/2019,136,13,1050.768,4,3,3
17744,9/30/2019,92,51,2233.881,6,7,5
17752,6/12/2019,202,1,158,2,0,1
17757,11/14/2019,47,123,7472.185,7,9,9
17760,1/13/2019,352,9,824.507,0,2,3
17769,10/6/2019,86,34,3758.963,6,6,7
17771,9/28/2019,94,22,1664.244,6,5,5
17786,11/2/2019,59,28,2021.762,7,5,5
17787,9/27/2019,95,79,6643.372,6,8,8
17790,6/25/2019,189,24,1786.262,3,5,5
17796,11/23/2019,38,78,9076.528,8,8,9
17799,10/14/2019,78,119,8765.537,6,9,9
17800,8/10/2019,143,12,468.134,4,2,2
17802,1/24/2019,341,12,613.688,0,2,2
17809,2/4/2019,330,15,726.366,0,3,2
17811,12/11/2019,20,121,12349.576,8,9,9
17812,3/18/2019,288,33,1090.914,1,6,3
17816,4/18/2019,257,10,1747.188,1,2,5
17819,5/8/2019,237,14,733.63,2,3,2
17820,6/12/2019,202,3,295.723,2,0,1
17827,4/26/2019,249,112,7109.8,2,9,9
17838,4/20/2019,255,43,3039.487,1,7,6
17841,12/14/2019,17,572,43095.711,9,9,9
17848,12/15/2019,16,13,159.607,9,3,1
17849,8/14/2019,139,8,1252.104,4,1,4
17850,1/26/2019,339,297,33521,0,9,9
17855,1/17/2019,348,17,1384.9,0,4,4
17857,6/20/2019,194,5,454.381,3,1,1
17858,10/10/2019,82,35,4118.414,6,6,7
17860,3/9/2019,297,58,2874.059,1,8,6
17861,10/13/2019,79,8,839.28,6,1,3
17862,9/27/2019,95,11,871.008,6,2,3
17863,12/11/2019,20,48,3722.922,8,7,7
17865,6/28/2019,186,42,4569.675,3,7,8
17869,3/19/2019,287,16,483.311,1,3,2
17870,3/27/2019,279,1,19.99,1,0,0
17873,1/12/2019,353,9,1007.723,0,2,3
17880,4/24/2019,251,26,1721.686,1,5,5
17884,12/5/2019,26,93,8044.246,8,9,9
17888,10/31/2019,61,18,790.788,7,4,2
17889,10/5/2019,87,12,1013.132,6,2,3
17890,10/2/2019,90,94,6922.951,6,9,8
17894,11/30/2019,31,115,9487.588,8,9,9
17897,3/26/2019,280,73,5136.1,1,8,8
17905,7/14/2019,170,28,1518.067,3,5,4
17908,1/4/2019,361,58,5201.218,0,8,8
17912,12/13/2019,18,40,1555.745,9,7,4
17913,6/30/2019,184,31,917.37,3,6,3
17917,5/7/2019,238,29,2608.502,2,5,6
17920,11/21/2019,40,105,10785.335,7,9,9
17924,7/7/2019,177,5,206.67,3,1,1
17925,1/17/2019,348,1,19.59,0,0,0
17929,12/21/2019,10,2,227.616,9,0,1
17937,5/18/2019,227,18,924.622,2,4,3
17949,7/26/2019,158,2,51.172,4,0,0
17950,4/19/2019,256,40,6240.953,1,7,8
17951,7/8/2019,176,10,824.439,3,2,3
17954,9/3/2019,119,84,5900.151,5,9,8
17961,12/13/2019,18,81,9429.4,9,9,9
17964,1/23/2019,342,35,4301.825,0,6,7
17965,11/19/2019,42,92,4366.936,7,9,7
17967,2/1/2019,333,48,4397.45,0,7,8
17968,1/6/2019,359,85,7247.676,0,9,9
17969,5/19/2019,226,7,99.198,2,1,0
17975,12/12/2019,19,89,12101.852,9,9,9
17976,1/24/2019,341,65,4942.63,0,8,8
17978,4/17/2019,258,12,483.793,1,2,2
17980,6/11/2019,203,15,569.66,2,3,2
17988,9/11/2019,111,13,1620.061,5,3,4
17990,7/12/2019,172,12,906.857,3,2,3
17999,4/7/2019,268,38,3684.263,1,6,7
18004,5/10/2019,235,40,2748.37,2,7,6
18008,10/22/2019,70,12,434.9,6,2,1
18011,1/16/2019,349,28,1582.747,0,5,4
18016,11/21/2019,40,40,2686.342,7,7,6
18017,12/13/2019,18,1,19.56,9,0,0
18032,8/11/2019,142,5,30.812,4,1,0
18037,10/4/2019,88,8,456.972,6,1,1
18041,12/13/2019,18,163,13503.853,9,9,9
18043,3/31/2019,275,66,4145.653,1,8,7
18044,5/25/2019,220,6,818.98,2,1,3
18050,6/9/2019,205,5,664.731,2,1,2
18055,12/5/2019,26,96,8000.888,8,9,9
18061,10/1/2019,91,11,1160.181,6,2,4
18062,7/26/2019,158,5,76.747,4,1,0
18065,6/20/2019,194,22,1627.684,3,5,5
18069,9/6/2019,116,77,4476.512,5,8,8
18071,4/12/2019,263,14,513.418,1,3,2
18074,1/2/2019,363,13,1787.251,0,3,5
18075,11/16/2019,45,36,2776.593,7,6,6
18077,10/19/2019,73,63,4659.922,6,8,8
18085,8/29/2019,124,29,2062.444,5,5,5
18092,8/29/2019,124,21,1510.109,5,4,4
18095,11/29/2019,32,21,1130.15,8,4,3
18097,7/16/2019,168,16,1373.155,3,3,4
18102,4/17/2019,258,18,1978.383,1,4,5
18106,8/31/2019,122,39,2537.812,5,6,6
18109,9/17/2019,105,72,3127.962,5,8,7
18113,3/8/2019,298,1,93.47,0,0,0
18116,7/16/2019,168,155,10165.347,3,9,9
18118,9/16/2019,106,250,17762.769,5,9,9
18119,3/21/2019,285,30,1574.77,1,6,4
18125,11/13/2019,48,83,9842.27,7,9,9
18136,10/14/2019,78,18,1528.202,6,4,4
18141,5/23/2019,222,1,30.38,2,0,0
18144,10/21/2019,71,10,555.988,6,2,2
18145,11/28/2019,33,42,3971.02,8,7,7
18156,2/17/2019,317,55,3001.028,0,8,6
18161,10/13/2019,79,15,745.364,6,3,2
18168,6/5/2019,209,44,3656.445,2,7,7
18171,8/13/2019,140,15,1217.66,4,3,4
18176,7/12/2019,172,33,2504.049,3,6,6
18178,12/19/2019,12,35,2804.237,9,6,6
18179,9/12/2019,110,35,1533.56,5,6,4
18190,9/18/2019,104,10,402.942,5,2,1
18193,4/6/2019,269,1,7.56,1,0,0
18198,12/11/2019,20,27,1873.142,8,5,5
18202,12/8/2019,23,23,4182.15,8,5,7
18212,9/14/2019,108,43,2484.281,5,7,6
18219,5/26/2019,219,24,950.406,2,5,3
18223,10/5/2019,87,60,3810.904,6,8,7
18225,4/19/2019,256,3,81.675,1,0,0
18226,8/23/2019,130,22,904.372,5,5,3
18229,8/30/2019,123,17,2369.682,5,4,6
18230,6/12/2019,202,2,118.293,2,0,0
18233,9/14/2019,108,1,69.65,5,0,0
18239,11/27/2019,34,52,5766.338,8,7,8
18245,11/28/2019,33,55,7403.358,8,8,9
18250,12/13/2019,18,21,1998.896,9,4,5
18256,7/5/2019,179,4,49.56,3,1,0
18259,4/5/2019,270,7,533.15,1,1,2
18260,10/5/2019,87,40,2132.738,6,7,5
18269,6/20/2019,194,8,97.997,3,1,0
18277,10/23/2019,69,1,298,7,0,1
18283,10/10/2019,82,102,6079.016,6,9,8
